Date,Time,Source IP,Destination IP,Source Port,Destination Port
Jan,29 00:01:54,207.68.178.56,216.58.112.55 LEN=40 TOS=0x00 PREC=0x00 TTL=241 ID=24105 PROTO=TCP,80,25
Jan,29 00:02:24,123.112.87.126,216.58.112.55 LEN=44 TOS=0x00 PREC=0x00 TTL=107 ID=18618 PROTO=TCP,53185,25
Jan,29 00:05:20,85.54.146.31,216.58.112.55 LEN=44 TOS=0x00 PREC=0x00 TTL=113 ID=825 PROTO=TCP,55313,25
Jan,29 00:07:21,58.147.54.65,216.58.112.55 LEN=48 TOS=0x00 PREC=0x00 TTL=104 ID=36197 DF PROTO=TCP,51009,25
Jan,29 00:07:59,142.162.239.193,216.58.112.55 LEN=48 TOS=0x00 PREC=0x00 TTL=112 ID=13261 DF PROTO=TCP,61866,25
Jan,29 00:08:00,190.40.97.52,216.58.112.55 LEN=48 TOS=0x00 PREC=0x00 TTL=109 ID=6137 DF PROTO=TCP,20354,25
Jan,29 00:19:02,151.9.246.29,216.58.112.55 LEN=48 TOS=0x00 PREC=0x00 TTL=113 ID=44701 DF PROTO=TCP,3500,25
Jan,29 00:24:13,207.68.178.56,216.58.112.55 LEN=40 TOS=0x00 PREC=0x00 TTL=241 ID=21929 PROTO=TCP,80,25
Jan,29 00:28:28,209.131.38.249,216.58.112.55 LEN=60 TOS=0x00 PREC=0x00 TTL=52 ID=14197 DF PROTO=TCP,20898,25
Jan,29 00:31:16,122.162.36.15,216.58.112.55 LEN=44 TOS=0x00 PREC=0x00 TTL=107 ID=44647 PROTO=TCP,56396,25
Jan,29 00:37:18,71.170.80.136,216.58.112.55 LEN=48 TOS=0x00 PREC=0x00 TTL=113 ID=37116 DF PROTO=TCP,60539,25
Jan,29 00:40:16,66.11.164.174,216.58.112.55 LEN=60 TOS=0x00 PREC=0x00 TTL=61 ID=11111 DF PROTO=TCP,60998,25
Jan,29 00:41:11,196.206.134.152,216.58.112.55 LEN=48 TOS=0x00 PREC=0x00 TTL=117 ID=44417 DF PROTO=TCP,4982,25
Jan,29 00:46:44,219.139.115.162,216.58.112.55 LEN=48 TOS=0x00 PREC=0x00 TTL=109 ID=6305 DF PROTO=TCP,50558,25
Jan,29 00:49:03,200.8.71.247,216.58.112.55 LEN=44 TOS=0x00 PREC=0x00 TTL=114 ID=8726 PROTO=TCP,56419,25
Jan,29 00:51:31,59.95.27.206,216.58.112.55 LEN=44 TOS=0x00 PREC=0x00 TTL=108 ID=42850 PROTO=TCP,63187,25
Jan,29 00:57:15,209.226.175.184,216.58.112.55 LEN=48 TOS=0x00 PREC=0x00 TTL=52 ID=13479 DF PROTO=TCP,55431,25
Jan,29 00:59:43,222.162.78.66,216.58.112.55 LEN=48 TOS=0x00 PREC=0x00 TTL=108 ID=61451 DF PROTO=TCP,11969,25
Jan,29 01:00:18,80.254.112.200,216.58.112.55 LEN=48 TOS=0x00 PREC=0x00 TTL=113 ID=4573 DF PROTO=TCP,11637,25
Jan,29 01:03:09,122.164.76.172,216.58.112.55 LEN=48 TOS=0x00 PREC=0x00 TTL=106 ID=36266 DF PROTO=TCP,1792,25
Jan,29 01:03:12,83.239.155.146,216.58.112.55 LEN=44 TOS=0x00 PREC=0x00 TTL=117 ID=38978 PROTO=TCP,59114,25
Jan,29 01:12:08,77.234.15.211,216.58.112.55 LEN=44 TOS=0x00 PREC=0x00 TTL=117 ID=32125 PROTO=TCP,49577,25
Jan,29 01:18:14,122.162.219.240,216.58.112.55 LEN=44 TOS=0x00 PREC=0x00 TTL=108 ID=50875 PROTO=TCP,52275,25
Jan,29 01:23:00,207.68.178.56,216.58.112.55 LEN=40 TOS=0x00 PREC=0x00 TTL=241 ID=26036 PROTO=TCP,80,25
Jan,29 01:27:24,200.35.177.17,216.58.112.55 LEN=48 TOS=0x00 PREC=0x00 TTL=110 ID=43762 DF PROTO=TCP,46510,25
Jan,29 01:27:24,200.119.135.100,216.58.112.55 LEN=48 TOS=0x00 PREC=0x00 TTL=107 ID=43762 DF PROTO=TCP,46509,25
Jan,29 01:31:46,89.175.152.185,216.58.112.55 LEN=48 TOS=0x00 PREC=0x00 TTL=101 ID=37727 DF PROTO=TCP,23318,25
Jan,29 01:34:18,122.167.238.130,216.58.112.55 LEN=44 TOS=0x00 PREC=0x00 TTL=105 ID=34274 PROTO=TCP,27353,25
Jan,29 01:36:25,121.135.240.208,216.58.112.55 LEN=44 TOS=0x00 PREC=0x00 TTL=106 ID=5394 PROTO=TCP,54320,25
Jan,29 01:38:36,78.148.104.253,216.58.112.55 LEN=48 TOS=0x00 PREC=0x00 TTL=116 ID=19064 DF PROTO=TCP,5736,25
Jan,29 01:43:14,71.104.50.6,216.58.112.55 LEN=44 TOS=0x00 PREC=0x00 TTL=113 ID=18208 PROTO=TCP,50158,25
Jan,29 01:43:46,60.21.103.252,216.58.112.55 LEN=48 TOS=0x00 PREC=0x00 TTL=106 ID=55597 DF PROTO=TCP,58025,25
Jan,29 01:50:01,82.35.230.228,216.58.112.55 LEN=48 TOS=0x00 PREC=0x00 TTL=112 ID=42433 DF PROTO=TCP,4316,25
Jan,29 01:50:01,82.35.230.228,216.58.112.55 LEN=48 TOS=0x00 PREC=0x00 TTL=112 ID=42435 DF PROTO=TCP,4317,25
Jan,29 01:50:01,82.35.230.228,216.58.112.55 LEN=48 TOS=0x00 PREC=0x00 TTL=112 ID=42438 DF PROTO=TCP,4320,25
Jan,29 01:50:01,82.35.230.228,216.58.112.55 LEN=48 TOS=0x00 PREC=0x00 TTL=112 ID=42455 DF PROTO=TCP,4323,25
Jan,29 01:51:54,65.26.47.241,216.58.112.55 LEN=44 TOS=0x00 PREC=0x00 TTL=114 ID=35128 PROTO=TCP,48860,25
Jan,29 01:53:26,124.121.192.16,216.58.112.55 LEN=44 TOS=0x00 PREC=0x00 TTL=109 ID=4580 PROTO=TCP,57195,25
Jan,29 01:59:40,78.148.58.129,216.58.112.55 LEN=48 TOS=0x00 PREC=0x00 TTL=116 ID=5909 DF PROTO=TCP,3089,25
Jan,29 01:59:59,201.231.47.57,216.58.112.55 LEN=48 TOS=0x00 PREC=0x00 TTL=113 ID=2595 DF PROTO=TCP,3432,25
Jan,29 02:01:14,190.189.106.45,216.58.112.55 LEN=48 TOS=0x00 PREC=0x00 TTL=112 ID=13093 DF PROTO=TCP,4941,25
Jan,29 02:07:11,86.101.52.114,216.58.112.55 LEN=44 TOS=0x00 PREC=0x00 TTL=111 ID=46434 PROTO=TCP,59827,25
Jan,29 02:19:24,85.75.51.53,216.58.112.55 LEN=48 TOS=0x00 PREC=0x00 TTL=113 ID=23484 DF PROTO=TCP,2685,25
Jan,29 02:19:40,221.217.183.227,216.58.112.55 LEN=48 TOS=0x00 PREC=0x00 TTL=105 ID=45346 DF PROTO=TCP,3790,25
Jan,29 02:19:51,168.18.80.183,216.58.112.55 LEN=48 TOS=0x00 PREC=0x00 TTL=114 ID=43649 DF PROTO=TCP,2773,25
Jan,29 02:19:56,85.137.113.62,216.58.112.55 LEN=52 TOS=0x00 PREC=0x00 TTL=48 ID=58302 DF PROTO=TCP,1888,25
Jan,29 02:23:50,71.127.188.123,216.58.112.55 LEN=48 TOS=0x00 PREC=0x00 TTL=116 ID=11576 DF PROTO=TCP,50711,25
Jan,29 02:24:34,66.11.164.174,216.58.112.55 LEN=60 TOS=0x00 PREC=0x00 TTL=61 ID=39328 DF PROTO=TCP,44679,25
Jan,29 02:24:46,66.11.164.174,216.58.112.55 LEN=60 TOS=0x00 PREC=0x00 TTL=61 ID=23152 DF PROTO=TCP,44682,25
Jan,29 02:25:10,66.11.164.174,216.58.112.55 LEN=60 TOS=0x00 PREC=0x00 TTL=61 ID=64276 DF PROTO=TCP,44685,25
Jan,29 02:25:34,205.134.188.171,216.58.112.55 LEN=60 TOS=0x00 PREC=0x00 TTL=54 ID=22398 DF PROTO=TCP,59748,25
Jan,29 02:25:49,66.11.164.174,216.58.112.55 LEN=60 TOS=0x00 PREC=0x00 TTL=61 ID=5088 DF PROTO=TCP,44691,25
Jan,29 02:26:10,66.11.164.174,216.58.112.55 LEN=60 TOS=0x00 PREC=0x00 TTL=61 ID=63539 DF PROTO=TCP,44694,25
Jan,29 02:26:24,205.134.188.171,216.58.112.55 LEN=60 TOS=0x00 PREC=0x00 TTL=54 ID=11535 DF PROTO=TCP,60675,25
Jan,29 02:26:38,205.134.188.171,216.58.112.55 LEN=60 TOS=0x00 PREC=0x00 TTL=54 ID=58543 DF PROTO=TCP,60936,25
Jan,29 02:27:08,205.134.188.171,216.58.112.55 LEN=60 TOS=0x00 PREC=0x00 TTL=54 ID=44317 DF PROTO=TCP,33194,25
Jan,29 02:27:23,205.134.188.171,216.58.112.55 LEN=60 TOS=0x00 PREC=0x00 TTL=54 ID=43379 DF PROTO=TCP,33412,25
Jan,29 02:27:39,205.134.188.171,216.58.112.55 LEN=60 TOS=0x00 PREC=0x00 TTL=54 ID=64002 DF PROTO=TCP,33726,25
Jan,29 02:29:31,71.126.248.71,216.58.112.55 LEN=44 TOS=0x00 PREC=0x00 TTL=116 ID=55398 PROTO=TCP,53077,25
Jan,29 02:33:09,82.216.11.148,216.58.112.55 LEN=52 TOS=0x00 PREC=0x00 TTL=51 ID=33029 DF PROTO=TCP,3633,25
Jan,29 02:34:56,92.46.11.100,216.58.112.55 LEN=44 TOS=0x00 PREC=0x00 TTL=114 ID=3078 PROTO=TCP,17881,25
Jan,29 02:35:34,86.110.25.142,216.58.112.55 LEN=48 TOS=0x00 PREC=0x00 TTL=109 ID=62974 DF PROTO=TCP,3053,25
Jan,29 02:44:57,60.48.66.248,216.58.112.55 LEN=48 TOS=0x00 PREC=0x00 TTL=107 ID=1026 DF PROTO=TCP,1350,25
Jan,29 02:46:39,86.60.106.79,216.58.112.55 LEN=48 TOS=0x00 PREC=0x00 TTL=115 ID=49160 DF PROTO=TCP,56719,25
Jan,29 02:47:02,211.108.155.43,216.58.112.55 LEN=48 TOS=0x00 PREC=0x00 TTL=116 ID=35493 DF PROTO=TCP,38288,25
Jan,29 02:47:12,211.108.155.43,216.58.112.55 LEN=48 TOS=0x00 PREC=0x00 TTL=116 ID=36433 DF PROTO=TCP,38382,25
Jan,29 02:47:39,89.151.157.84,216.58.112.55 LEN=44 TOS=0x00 PREC=0x00 TTL=117 ID=21639 PROTO=TCP,54527,25
Jan,29 02:48:29,72.76.18.116,216.58.112.55 LEN=52 TOS=0x00 PREC=0x00 TTL=36 ID=45789 DF PROTO=TCP,2773,25
Jan,29 02:50:13,89.24.99.57,216.58.112.55 LEN=44 TOS=0x00 PREC=0x00 TTL=110 ID=16851 PROTO=TCP,57809,25
Jan,29 02:53:11,92.112.63.8,216.58.112.55 LEN=44 TOS=0x00 PREC=0x00 TTL=108 ID=59193 PROTO=TCP,51273,25
Jan,29 02:56:41,84.204.158.238,216.58.112.55 LEN=44 TOS=0x00 PREC=0x00 TTL=114 ID=5493 PROTO=TCP,56827,25
Jan,29 03:01:33,62.101.126.230,216.58.112.55 LEN=48 TOS=0x00 PREC=0x00 TTL=103 ID=38477 DF PROTO=TCP,52036,25
Jan,29 03:01:34,62.101.126.230,216.58.112.55 LEN=48 TOS=0x00 PREC=0x00 TTL=103 ID=38498 DF PROTO=TCP,52056,25
Jan,29 03:05:29,62.10.181.66,216.58.112.55 LEN=48 TOS=0x00 PREC=0x00 TTL=112 ID=43363 DF PROTO=TCP,4211,25
Jan,29 03:09:43,213.150.83.114,216.58.112.55 LEN=48 TOS=0x00 PREC=0x00 TTL=118 ID=7275 DF PROTO=TCP,3485,25
Jan,29 03:11:38,86.133.109.140,216.58.112.55 LEN=48 TOS=0x00 PREC=0x00 TTL=104 ID=4987 DF PROTO=TCP,2016,25
Jan,29 03:16:47,61.7.42.45,216.58.112.55 LEN=44 TOS=0x00 PREC=0x00 TTL=106 ID=21877 PROTO=TCP,65469,25
Jan,29 03:26:44,68.189.54.191,216.58.112.55 LEN=44 TOS=0x00 PREC=0x00 TTL=110 ID=17604 PROTO=TCP,55014,25
Jan,29 03:29:32,208.17.81.161,216.58.112.55 LEN=60 TOS=0x00 PREC=0x00 TTL=46 ID=27896 DF PROTO=TCP,48401,25
Jan,29 03:32:19,59.92.12.144,216.58.112.55 LEN=48 TOS=0x00 PREC=0x00 TTL=105 ID=64682 DF PROTO=TCP,1116,25
Jan,29 03:37:58,117.44.26.76,216.58.112.55 LEN=44 TOS=0x00 PREC=0x00 TTL=107 ID=49253 PROTO=TCP,57128,25
Jan,29 03:45:36,82.138.46.68,216.58.112.55 LEN=44 TOS=0x00 PREC=0x00 TTL=104 ID=19911 PROTO=TCP,63187,25
Jan,29 03:49:17,221.221.82.35,216.58.112.55 LEN=48 TOS=0x00 PREC=0x00 TTL=106 ID=41540 DF PROTO=TCP,1763,25
Jan,29 03:53:49,189.27.241.16,216.58.112.55 LEN=44 TOS=0x00 PREC=0x00 TTL=108 ID=63288 PROTO=TCP,51322,25
Jan,29 03:59:04,71.125.48.80,216.58.112.55 LEN=48 TOS=0x00 PREC=0x00 TTL=116 ID=16001 DF PROTO=TCP,3791,25
Jan,29 04:00:04,124.191.75.98,216.58.112.55 LEN=48 TOS=0x00 PREC=0x00 TTL=103 ID=11079 DF PROTO=TCP,1384,25
Jan,29 04:04:08,86.137.159.215,216.58.112.55 LEN=48 TOS=0x00 PREC=0x00 TTL=104 ID=47927 DF PROTO=TCP,34114,25
Jan,29 04:05:26,96.2.73.153,216.58.112.55 LEN=48 TOS=0x00 PREC=0x00 TTL=112 ID=10056 DF PROTO=TCP,3295,25
Jan,29 04:12:42,62.221.44.151,216.58.112.55 LEN=48 TOS=0x00 PREC=0x00 TTL=106 ID=59147 DF PROTO=TCP,3925,25
Jan,29 04:13:35,66.11.164.174,216.58.112.55 LEN=60 TOS=0x00 PREC=0x00 TTL=61 ID=59793 DF PROTO=TCP,54475,25
Jan,29 04:16:09,88.241.227.226,216.58.112.55 LEN=48 TOS=0x00 PREC=0x00 TTL=104 ID=40614 DF PROTO=TCP,50754,25
Jan,29 04:18:26,85.104.40.125,216.58.112.55 LEN=48 TOS=0x00 PREC=0x00 TTL=106 ID=30169 DF PROTO=TCP,1307,25
Jan,29 04:19:26,66.11.164.174,216.58.112.55 LEN=60 TOS=0x00 PREC=0x00 TTL=61 ID=34775 DF PROTO=TCP,55776,25
Jan,29 04:20:36,207.8.198.31,216.58.112.55 LEN=48 TOS=0x00 PREC=0x00 TTL=52 ID=47646 DF PROTO=TCP,23771,25
Jan,29 04:24:30,88.246.139.1,216.58.112.55 LEN=48 TOS=0x00 PREC=0x00 TTL=105 ID=16813 DF PROTO=TCP,3940,25
Jan,29 04:24:33,86.55.160.170,216.58.112.55 LEN=48 TOS=0x00 PREC=0x00 TTL=111 ID=6086 DF PROTO=TCP,3309,25
Jan,29 04:25:49,92.83.127.213,216.58.112.55 LEN=48 TOS=0x00 PREC=0x00 TTL=105 ID=54676 DF PROTO=TCP,65146,25
Jan,29 04:27:04,222.130.211.51,216.58.112.55 LEN=48 TOS=0x00 PREC=0x00 TTL=107 ID=1927 DF PROTO=TCP,49029,25
Jan,29 04:29:34,67.113.111.177,216.58.112.55 LEN=40 TOS=0x00 PREC=0x00 TTL=49 ID=11509 PROTO=TCP,25,25
Jan,29 04:43:11,193.22.88.152,216.58.112.55 LEN=48 TOS=0x00 PREC=0x00 TTL=110 ID=35745 DF PROTO=TCP,3766,25
Jan,29 04:45:51,61.247.239.28,216.58.112.55 LEN=48 TOS=0x00 PREC=0x00 TTL=103 ID=8515 DF PROTO=TCP,24496,25
Jan,29 04:51:58,195.135.221.135,216.58.112.55 LEN=60 TOS=0x00 PREC=0x00 TTL=51 ID=43991 DF PROTO=TCP,26644,25
Jan,29 04:52:11,210.185.160.111,216.58.112.55 LEN=48 TOS=0x00 PREC=0x00 TTL=111 ID=13703 DF PROTO=TCP,1101,25
Jan,29 04:54:13,92.113.205.165,216.58.112.55 LEN=48 TOS=0x00 PREC=0x00 TTL=107 ID=12315 DF PROTO=TCP,2380,25
Jan,29 04:55:34,91.120.54.156,216.58.112.55 LEN=48 TOS=0x00 PREC=0x00 TTL=109 ID=45163 DF PROTO=TCP,3433,25
Jan,29 04:55:43,85.98.186.43,216.58.112.55 LEN=48 TOS=0x00 PREC=0x00 TTL=106 ID=43684 DF PROTO=TCP,4539,25
Jan,29 04:56:25,96.234.177.228,216.58.112.55 LEN=48 TOS=0x00 PREC=0x00 TTL=115 ID=49778 DF PROTO=TCP,2112,25
Jan,29 04:56:28,87.223.189.238,216.58.112.55 LEN=48 TOS=0x00 PREC=0x00 TTL=114 ID=0 DF PROTO=TCP,1495,25
Jan,29 05:05:48,77.49.33.205,216.58.112.55 LEN=48 TOS=0x00 PREC=0x00 TTL=117 ID=27632 DF PROTO=TCP,3481,25
Jan,29 05:08:16,88.252.39.9,216.58.112.55 LEN=44 TOS=0x00 PREC=0x00 TTL=106 ID=9733 PROTO=TCP,59234,25
Jan,29 05:10:10,88.227.145.120,216.58.112.55 LEN=48 TOS=0x00 PREC=0x00 TTL=107 ID=7324 DF PROTO=TCP,1156,25
Jan,29 05:11:27,66.11.164.174,216.58.112.55 LEN=60 TOS=0x00 PREC=0x00 TTL=61 ID=36554 DF PROTO=TCP,56319,25
Jan,29 05:13:18,85.18.14.45,216.58.112.55 LEN=48 TOS=0x00 PREC=0x00 TTL=102 ID=19968 DF PROTO=TCP,1402,25
Jan,29 05:18:12,59.96.104.144,216.58.112.55 LEN=44 TOS=0x00 PREC=0x00 TTL=110 ID=13742 PROTO=TCP,50568,25
Jan,29 05:20:59,61.17.32.97,216.58.112.55 LEN=44 TOS=0x00 PREC=0x00 TTL=109 ID=23831 PROTO=TCP,12329,25
Jan,29 05:21:40,221.128.153.121,216.58.112.55 LEN=48 TOS=0x00 PREC=0x00 TTL=110 ID=52675 DF PROTO=TCP,2061,25
Jan,29 05:22:45,88.141.131.95,216.58.112.55 LEN=48 TOS=0x00 PREC=0x00 TTL=117 ID=16131 DF PROTO=TCP,55662,25
Jan,29 05:24:29,222.112.147.208,216.58.112.55 LEN=44 TOS=0x00 PREC=0x00 TTL=109 ID=56819 PROTO=TCP,51301,25
Jan,29 05:27:25,89.21.232.5,216.58.112.55 LEN=48 TOS=0x00 PREC=0x00 TTL=116 ID=16621 DF PROTO=TCP,65329,25
Jan,29 05:27:31,88.231.183.155,216.58.112.55 LEN=44 TOS=0x00 PREC=0x00 TTL=106 ID=64356 PROTO=TCP,57936,25
Jan,29 05:29:33,62.189.181.120,216.58.112.55 LEN=48 TOS=0x00 PREC=0x00 TTL=110 ID=109 DF PROTO=TCP,3178,25
Jan,29 05:31:08,124.253.3.84,216.58.112.55 LEN=48 TOS=0x00 PREC=0x00 TTL=111 ID=40207 DF PROTO=TCP,63413,25
Jan,29 05:31:10,91.124.139.216,216.58.112.55 LEN=44 TOS=0x00 PREC=0x00 TTL=108 ID=35023 PROTO=TCP,62560,25
Jan,29 05:39:27,66.98.0.101,216.58.112.55 LEN=48 TOS=0x00 PREC=0x00 TTL=108 ID=26876 DF PROTO=TCP,3907,25
Jan,29 05:41:40,222.117.164.222,216.58.112.55 LEN=52 TOS=0x00 PREC=0x00 TTL=44 ID=52553 DF PROTO=TCP,2258,25
Jan,29 05:45:01,66.167.81.195,216.58.112.55 LEN=44 TOS=0x00 PREC=0x00 TTL=115 ID=29512 PROTO=TCP,54655,25
Jan,29 05:46:19,77.51.81.204,216.58.112.55 LEN=48 TOS=0x00 PREC=0x00 TTL=113 ID=37200 DF PROTO=TCP,2371,25
Jan,29 05:49:53,124.125.41.87,216.58.112.55 LEN=48 TOS=0x00 PREC=0x00 TTL=114 ID=5870 DF PROTO=TCP,1277,25
Jan,29 05:50:44,122.163.97.121,216.58.112.55 LEN=44 TOS=0x00 PREC=0x00 TTL=105 ID=43862 PROTO=TCP,55361,25
Jan,29 06:03:45,80.145.197.50,216.58.112.55 LEN=52 TOS=0x00 PREC=0x00 TTL=113 ID=7999 DF PROTO=TCP,1652,25
Jan,29 06:04:52,189.26.72.76,216.58.112.55 LEN=48 TOS=0x00 PREC=0x00 TTL=106 ID=40279 DF PROTO=TCP,50420,25
Jan,29 06:04:59,62.139.173.49,216.58.112.55 LEN=48 TOS=0x00 PREC=0x00 TTL=112 ID=50826 DF PROTO=TCP,1587,25
Jan,29 06:05:52,82.31.90.79,216.58.112.55 LEN=48 TOS=0x00 PREC=0x00 TTL=114 ID=39841 DF PROTO=TCP,1946,25
Jan,29 06:10:24,65.100.199.179,216.58.112.55 LEN=44 TOS=0x00 PREC=0x00 TTL=111 ID=32064 PROTO=TCP,58863,25
Jan,29 06:11:02,89.218.72.48,216.58.112.55 LEN=44 TOS=0x00 PREC=0x00 TTL=116 ID=59731 PROTO=TCP,21589,25
Jan,29 06:11:09,89.239.170.230,216.58.112.55 LEN=48 TOS=0x00 PREC=0x00 TTL=110 ID=28727 DF PROTO=TCP,2836,25
Jan,29 06:13:14,91.163.121.22,216.58.112.55 LEN=44 TOS=0x00 PREC=0x00 TTL=115 ID=42494 PROTO=TCP,53532,25
Jan,29 06:16:25,78.176.73.68,216.58.112.55 LEN=48 TOS=0x00 PREC=0x00 TTL=105 ID=58722 DF PROTO=TCP,4856,25
Jan,29 06:16:55,85.100.152.76,216.58.112.55 LEN=48 TOS=0x00 PREC=0x00 TTL=106 ID=64811 DF PROTO=TCP,2969,25
Jan,29 06:17:51,62.57.158.240,216.58.112.55 LEN=48 TOS=0x00 PREC=0x00 TTL=115 ID=11834 DF PROTO=TCP,2246,25
Jan,29 06:18:27,88.253.77.212,216.58.112.55 LEN=48 TOS=0x00 PREC=0x00 TTL=108 ID=40032 DF PROTO=TCP,2347,25
Jan,29 06:19:59,87.226.215.54,216.58.112.55 LEN=48 TOS=0x00 PREC=0x00 TTL=108 ID=58280 DF PROTO=TCP,1751,25
Jan,29 06:23:19,211.116.81.90,216.58.112.55 LEN=48 TOS=0x00 PREC=0x00 TTL=110 ID=43778 DF PROTO=TCP,1991,25
Jan,29 06:30:57,82.0.207.55,216.58.112.55 LEN=48 TOS=0x00 PREC=0x00 TTL=112 ID=50007 DF PROTO=TCP,4129,25
Jan,29 06:37:02,66.11.164.174,216.58.112.55 LEN=60 TOS=0x00 PREC=0x00 TTL=61 ID=9141 DF PROTO=TCP,37295,25
Jan,29 06:39:47,212.83.88.47,216.58.112.55 LEN=44 TOS=0x00 PREC=0x00 TTL=115 ID=9698 PROTO=TCP,49020,25
Jan,29 06:42:41,212.182.187.71,216.58.112.55 LEN=44 TOS=0x00 PREC=0x00 TTL=118 ID=41101 PROTO=TCP,19610,25
Jan,29 06:47:21,78.3.77.4,216.58.112.55 LEN=48 TOS=0x00 PREC=0x00 TTL=104 ID=26387 DF PROTO=TCP,4293,25
Jan,29 06:49:05,81.27.145.12,216.58.112.55 LEN=44 TOS=0x00 PREC=0x00 TTL=105 ID=45344 PROTO=TCP,41551,25
Jan,29 06:49:13,217.30.253.42,216.58.112.55 LEN=48 TOS=0x00 PREC=0x00 TTL=117 ID=48630 DF PROTO=TCP,24682,25
Jan,29 06:52:56,87.88.189.78,216.58.112.55 LEN=48 TOS=0x00 PREC=0x00 TTL=109 ID=64236 DF PROTO=TCP,2869,25
Jan,29 07:05:57,66.11.164.174,216.58.112.55 LEN=60 TOS=0x00 PREC=0x00 TTL=61 ID=38746 DF PROTO=TCP,46764,25
Jan,29 07:07:53,202.213.57.37,216.58.112.55 LEN=48 TOS=0x00 PREC=0x00 TTL=104 ID=12590 PROTO=TCP,32783,25
Jan,29 07:08:28,78.62.67.99,216.58.112.55 LEN=44 TOS=0x00 PREC=0x00 TTL=111 ID=60324 PROTO=TCP,57861,25
Jan,29 07:08:50,91.127.44.141,216.58.112.55 LEN=44 TOS=0x00 PREC=0x00 TTL=109 ID=51186 PROTO=TCP,38613,25
Jan,29 07:09:11,88.249.64.131,216.58.112.55 LEN=48 TOS=0x00 PREC=0x00 TTL=106 ID=13859 DF PROTO=TCP,2064,25
Jan,29 07:13:49,81.154.43.76,216.58.112.55 LEN=48 TOS=0x00 PREC=0x00 TTL=104 ID=41297 DF PROTO=TCP,4528,25
Jan,29 07:13:59,89.110.10.82,216.58.112.55 LEN=44 TOS=0x00 PREC=0x00 TTL=110 ID=15837 PROTO=TCP,54446,25
Jan,29 07:14:14,87.235.99.242,216.58.112.55 LEN=48 TOS=0x00 PREC=0x00 TTL=112 ID=58444 DF PROTO=TCP,3456,25
Jan,29 07:15:15,81.23.126.18,216.58.112.55 LEN=48 TOS=0x00 PREC=0x00 TTL=116 ID=60588 DF PROTO=TCP,61259,25
Jan,29 07:18:05,122.164.76.115,216.58.112.55 LEN=44 TOS=0x00 PREC=0x00 TTL=108 ID=60842 PROTO=TCP,52575,25
Jan,29 07:24:36,218.16.119.142,216.58.112.55 LEN=48 TOS=0x00 PREC=0x00 TTL=107 ID=9179 DF PROTO=TCP,2739,25
Jan,29 07:33:35,217.136.233.230,216.58.112.55 LEN=48 TOS=0x00 PREC=0x00 TTL=113 ID=54587 DF PROTO=TCP,61046,25
Jan,29 07:34:16,201.235.46.177,216.58.112.55 LEN=48 TOS=0x00 PREC=0x00 TTL=112 ID=50886 DF PROTO=TCP,1335,25
Jan,29 07:37:11,89.138.226.129,216.58.112.55 LEN=48 TOS=0x00 PREC=0x00 TTL=113 ID=40297 DF PROTO=TCP,4269,25
Jan,29 07:49:19,190.50.215.123,216.58.112.55 LEN=44 TOS=0x00 PREC=0x00 TTL=111 ID=30534 PROTO=TCP,51960,25
Jan,29 08:01:00,66.11.164.174,216.58.112.55 LEN=60 TOS=0x00 PREC=0x00 TTL=61 ID=29093 DF PROTO=TCP,59988,25
Jan,29 08:01:48,194.213.42.149,216.58.112.55 LEN=44 TOS=0x00 PREC=0x00 TTL=113 ID=53508 PROTO=TCP,56574,25
Jan,29 08:04:25,201.68.29.229,216.58.112.55 LEN=48 TOS=0x00 PREC=0x00 TTL=108 ID=33872 DF PROTO=TCP,62043,25
Jan,29 08:04:25,201.68.29.229,216.58.112.55 LEN=48 TOS=0x00 PREC=0x00 TTL=108 ID=33876 DF PROTO=TCP,62044,25
Jan,29 08:10:08,124.64.197.227,216.58.112.55 LEN=44 TOS=0x00 PREC=0x00 TTL=108 ID=16924 PROTO=TCP,9442,25
Jan,29 08:14:32,77.103.133.38,216.58.112.55 LEN=48 TOS=0x00 PREC=0x00 TTL=111 ID=1932 DF PROTO=TCP,34378,25
Jan,29 08:14:43,82.82.135.131,216.58.112.55 LEN=48 TOS=0x00 PREC=0x00 TTL=112 ID=21516 DF PROTO=TCP,26214,25
Jan,29 08:15:41,201.229.180.239,216.58.112.55 LEN=48 TOS=0x00 PREC=0x00 TTL=106 ID=24121 DF PROTO=TCP,3559,25
Jan,29 08:16:09,58.187.204.115,216.58.112.55 LEN=44 TOS=0x00 PREC=0x00 TTL=109 ID=55937 PROTO=TCP,22712,25
Jan,29 08:16:28,77.42.129.124,216.58.112.55 LEN=60 TOS=0x00 PREC=0x00 TTL=54 ID=11045 DF PROTO=TCP,26461,25
Jan,29 08:25:50,189.13.197.253,216.58.112.55 LEN=48 TOS=0x00 PREC=0x00 TTL=111 ID=2734 DF PROTO=TCP,1753,25
Jan,29 08:28:34,61.7.42.45,216.58.112.55 LEN=44 TOS=0x00 PREC=0x00 TTL=106 ID=40254 PROTO=TCP,12006,25
Jan,29 08:29:07,41.196.235.213,216.58.112.55 LEN=48 TOS=0x00 PREC=0x00 TTL=114 ID=44089 DF PROTO=TCP,3500,25
Jan,29 08:33:14,189.13.212.7,216.58.112.55 LEN=48 TOS=0x00 PREC=0x00 TTL=112 ID=25005 DF PROTO=TCP,3079,25
Jan,29 08:34:43,213.140.232.7,216.58.112.55 LEN=44 TOS=0x00 PREC=0x00 TTL=111 ID=18465 PROTO=TCP,62915,25
Jan,29 08:35:56,69.147.103.130,216.58.112.55 LEN=60 TOS=0x00 PREC=0x00 TTL=53 ID=53388 DF PROTO=TCP,36101,25
Jan,29 08:37:00,82.158.227.219,216.58.112.55 LEN=48 TOS=0x00 PREC=0x00 TTL=113 ID=7736 DF PROTO=TCP,1674,25
Jan,29 08:40:41,87.18.196.127,216.58.112.55 LEN=48 TOS=0x00 PREC=0x00 TTL=115 ID=4755 DF PROTO=TCP,2413,25
Jan,29 08:40:58,84.30.36.133,216.58.112.55 LEN=48 TOS=0x00 PREC=0x00 TTL=114 ID=28164 DF PROTO=TCP,1979,25
Jan,29 08:41:44,195.56.207.203,216.58.112.55 LEN=44 TOS=0x00 PREC=0x00 TTL=109 ID=18483 PROTO=TCP,54429,25
Jan,29 08:45:13,89.229.17.127,216.58.112.55 LEN=64 TOS=0x00 PREC=0x00 TTL=32 ID=57265 DF PROTO=TCP,1294,25
Jan,29 08:48:25,81.183.226.220,216.58.112.55 LEN=64 TOS=0x00 PREC=0x00 TTL=112 ID=47096 DF PROTO=TCP,1535,25
Jan,29 08:49:20,190.42.207.84,216.58.112.55 LEN=48 TOS=0x00 PREC=0x00 TTL=110 ID=4984 DF PROTO=TCP,54290,25
Jan,29 08:50:23,217.129.202.86,216.58.112.55 LEN=48 TOS=0x00 PREC=0x00 TTL=113 ID=55729 DF PROTO=TCP,3596,25
Jan,29 08:51:47,88.130.115.204,216.58.112.55 LEN=48 TOS=0x00 PREC=0x00 TTL=112 ID=44528 DF PROTO=TCP,4264,25
Jan,29 08:52:24,90.133.233.106,216.58.112.55 LEN=48 TOS=0x00 PREC=0x00 TTL=109 ID=65308 DF PROTO=TCP,4844,25
Jan,29 08:53:28,78.37.28.42,216.58.112.55 LEN=48 TOS=0x00 PREC=0x00 TTL=109 ID=37082 DF PROTO=TCP,3993,25
Jan,29 08:54:04,61.78.175.216,216.58.112.55 LEN=44 TOS=0x00 PREC=0x00 TTL=107 ID=8917 PROTO=TCP,59170,25
Jan,29 08:54:10,66.11.164.174,216.58.112.55 LEN=60 TOS=0x00 PREC=0x00 TTL=61 ID=62906 DF PROTO=TCP,50970,25
Jan,29 08:57:45,124.120.198.32,216.58.112.55 LEN=48 TOS=0x00 PREC=0x00 TTL=109 ID=35883 DF PROTO=TCP,3412,25
Jan,29 08:58:12,89.141.6.74,216.58.112.55 LEN=48 TOS=0x00 PREC=0x00 TTL=113 ID=30164 DF PROTO=TCP,1444,25
Jan,29 08:59:30,86.21.44.73,216.58.112.55 LEN=48 TOS=0x00 PREC=0x00 TTL=114 ID=37701 DF PROTO=TCP,1114,25
Jan,29 09:02:19,122.127.77.194,216.58.112.55 LEN=44 TOS=0x00 PREC=0x00 TTL=110 ID=35652 PROTO=TCP,50984,25
Jan,29 09:03:31,66.11.164.174,216.58.112.55 LEN=60 TOS=0x00 PREC=0x00 TTL=61 ID=19733 DF PROTO=TCP,38470,25
Jan,29 09:04:18,221.150.144.60,216.58.112.55 LEN=52 TOS=0x00 PREC=0x00 TTL=44 ID=48880 DF PROTO=TCP,35725,25
Jan,29 09:04:18,221.150.144.60,216.58.112.55 LEN=52 TOS=0x00 PREC=0x00 TTL=44 ID=48879 DF PROTO=TCP,35724,25
Jan,29 09:04:18,221.150.144.60,216.58.112.55 LEN=52 TOS=0x00 PREC=0x00 TTL=44 ID=48881 DF PROTO=TCP,35726,25
Jan,29 09:05:04,221.135.220.37,216.58.112.55 LEN=48 TOS=0x00 PREC=0x00 TTL=102 ID=39793 DF PROTO=TCP,62293,25
Jan,29 09:05:40,190.5.198.246,216.58.112.55 LEN=48 TOS=0x00 PREC=0x00 TTL=111 ID=11060 DF PROTO=TCP,4669,25
Jan,29 09:06:20,201.231.210.32,216.58.112.55 LEN=48 TOS=0x00 PREC=0x00 TTL=111 ID=416 DF PROTO=TCP,1118,25
Jan,29 09:07:58,89.132.192.77,216.58.112.55 LEN=44 TOS=0x00 PREC=0x00 TTL=110 ID=15939 PROTO=TCP,48885,25
Jan,29 09:08:42,81.105.156.28,216.58.112.55 LEN=48 TOS=0x00 PREC=0x00 TTL=112 ID=49208 DF PROTO=TCP,2801,25
Jan,29 09:08:50,79.125.130.64,216.58.112.55 LEN=48 TOS=0x00 PREC=0x00 TTL=109 ID=11253 DF PROTO=TCP,4524,25
Jan,29 09:09:39,41.249.69.53,216.58.112.55 LEN=48 TOS=0x00 PREC=0x00 TTL=113 ID=28659 DF PROTO=TCP,1110,25
Jan,29 09:09:45,213.47.147.194,216.58.112.55 LEN=48 TOS=0x00 PREC=0x00 TTL=112 ID=28616 DF PROTO=TCP,4337,25
Jan,29 09:09:51,89.130.106.209,216.58.112.55 LEN=48 TOS=0x00 PREC=0x00 TTL=114 ID=23250 DF PROTO=TCP,61837,25
Jan,29 09:10:44,85.103.174.82,216.58.112.55 LEN=48 TOS=0x00 PREC=0x00 TTL=106 ID=37638 DF PROTO=TCP,10781,25
Jan,29 09:11:12,200.121.27.25,216.58.112.55 LEN=48 TOS=0x00 PREC=0x00 TTL=110 ID=4264 DF PROTO=TCP,11536,25
Jan,29 09:11:44,200.153.194.87,216.58.112.55 LEN=44 TOS=0x00 PREC=0x00 TTL=109 ID=25143 PROTO=TCP,60393,25
Jan,29 09:13:05,89.107.90.186,216.58.112.55 LEN=48 TOS=0x00 PREC=0x00 TTL=106 ID=9855 DF PROTO=TCP,4496,25
Jan,29 09:13:20,77.197.242.140,216.58.112.55 LEN=48 TOS=0x00 PREC=0x00 TTL=117 ID=27992 DF PROTO=TCP,1264,25
Jan,29 09:13:25,190.9.91.197,216.58.112.55 LEN=48 TOS=0x00 PREC=0x00 TTL=107 ID=14519 DF PROTO=TCP,3781,25
Jan,29 09:15:12,86.101.56.38,216.58.112.55 LEN=48 TOS=0x00 PREC=0x00 TTL=112 ID=15987 DF PROTO=TCP,3608,25
Jan,29 09:15:22,85.96.142.122,216.58.112.55 LEN=48 TOS=0x00 PREC=0x00 TTL=104 ID=24711 DF PROTO=TCP,3951,25
Jan,29 09:18:54,202.86.169.149,216.58.112.55 LEN=48 TOS=0x00 PREC=0x00 TTL=107 ID=4373 DF PROTO=TCP,13098,25
Jan,29 09:20:04,190.65.147.187,216.58.112.55 LEN=44 TOS=0x00 PREC=0x00 TTL=110 ID=10138 PROTO=TCP,57832,25
Jan,29 09:22:22,200.88.168.108,216.58.112.55 LEN=52 TOS=0x00 PREC=0x00 TTL=105 ID=20432 DF PROTO=TCP,61821,25
Jan,29 09:23:23,88.18.50.173,216.58.112.55 LEN=48 TOS=0x00 PREC=0x00 TTL=114 ID=60037 DF PROTO=TCP,1073,25
Jan,29 09:28:13,195.204.1.164,216.58.112.55 LEN=48 TOS=0x00 PREC=0x00 TTL=113 ID=17836 DF PROTO=TCP,19536,25
Jan,29 09:29:27,195.135.221.135,216.58.112.55 LEN=60 TOS=0x00 PREC=0x00 TTL=51 ID=58523 DF PROTO=TCP,2072,25
Jan,29 09:30:53,69.147.64.110,216.58.112.55 LEN=60 TOS=0x00 PREC=0x00 TTL=53 ID=40014 DF PROTO=TCP,45867,25
Jan,29 09:35:26,190.82.220.164,216.58.112.55 LEN=48 TOS=0x00 PREC=0x00 TTL=107 ID=6612 DF PROTO=TCP,63539,25
Jan,29 09:42:21,85.75.56.43,216.58.112.55 LEN=48 TOS=0x00 PREC=0x00 TTL=113 ID=45961 DF PROTO=TCP,2254,25
Jan,29 09:42:55,218.15.95.162,216.58.112.55 LEN=44 TOS=0x00 PREC=0x00 TTL=110 ID=22445 PROTO=TCP,57341,25
Jan,29 09:45:01,89.136.134.218,216.58.112.55 LEN=48 TOS=0x00 PREC=0x00 TTL=112 ID=51693 DF PROTO=TCP,1706,25
Jan,29 09:47:11,59.182.71.143,216.58.112.55 LEN=48 TOS=0x00 PREC=0x00 TTL=111 ID=9033 DF PROTO=TCP,3509,25
Jan,29 09:47:11,66.11.164.174,216.58.112.55 LEN=60 TOS=0x00 PREC=0x00 TTL=61 ID=49643 DF PROTO=TCP,49782,25
Jan,29 09:48:06,59.16.75.200,216.58.112.55 LEN=48 TOS=0x00 PREC=0x00 TTL=108 ID=26193 DF PROTO=TCP,1374,25
Jan,29 09:53:56,200.94.94.98,216.58.112.55 LEN=48 TOS=0x00 PREC=0x00 TTL=104 ID=39303 DF PROTO=TCP,49114,25
Jan,29 09:55:08,66.163.168.153,216.58.112.55 LEN=60 TOS=0x00 PREC=0x00 TTL=52 ID=14582 DF PROTO=TCP,25208,25
Jan,29 10:00:38,84.120.201.9,216.58.112.55 LEN=44 TOS=0x00 PREC=0x00 TTL=113 ID=7236 PROTO=TCP,57355,25
Jan,29 10:00:53,80.39.134.70,216.58.112.55 LEN=48 TOS=0x00 PREC=0x00 TTL=115 ID=1765 DF PROTO=TCP,14564,25
Jan,29 10:02:25,66.11.164.174,216.58.112.55 LEN=60 TOS=0x00 PREC=0x00 TTL=61 ID=65246 DF PROTO=TCP,56355,25
Jan,29 10:02:45,66.11.164.174,216.58.112.55 LEN=60 TOS=0x00 PREC=0x00 TTL=61 ID=23087 DF PROTO=TCP,56358,25
Jan,29 10:11:39,75.133.77.10,216.58.112.55 LEN=56 TOS=0x00 PREC=0x00 TTL=46 ID=2817 DF PROTO=TCP,56966,25
Jan,29 10:11:42,80.126.146.97,216.58.112.55 LEN=48 TOS=0x00 PREC=0x00 TTL=116 ID=27177 DF PROTO=TCP,12886,25
Jan,29 10:12:18,82.166.74.9,216.58.112.55 LEN=48 TOS=0x00 PREC=0x00 TTL=108 ID=57352 DF PROTO=TCP,5034,25
Jan,29 10:12:33,66.163.168.130,216.58.112.55 LEN=60 TOS=0x00 PREC=0x00 TTL=50 ID=29570 DF PROTO=TCP,28750,25
Jan,29 10:13:22,85.240.194.127,216.58.112.55 LEN=44 TOS=0x00 PREC=0x00 TTL=115 ID=63590 PROTO=TCP,51715,25
Jan,29 10:14:41,151.59.69.23,216.58.112.55 LEN=52 TOS=0x00 PREC=0x00 TTL=112 ID=15386 DF PROTO=TCP,19551,25
Jan,29 10:16:26,213.140.22.65,216.58.112.55 LEN=48 TOS=0x00 PREC=0x00 TTL=103 ID=16205 DF PROTO=TCP,64932,25
Jan,29 10:17:12,75.162.41.23,216.58.112.55 LEN=64 TOS=0x00 PREC=0x00 TTL=115 ID=54684 PROTO=TCP,4879,25
Jan,29 10:18:04,211.243.145.218,216.58.112.55 LEN=48 TOS=0x00 PREC=0x00 TTL=114 ID=11008 DF PROTO=TCP,1394,25
Jan,29 10:18:34,64.29.83.51,216.58.112.55 LEN=48 TOS=0x00 PREC=0x00 TTL=109 ID=58777 DF PROTO=TCP,28411,25
Jan,29 10:21:41,83.213.139.152,216.58.112.55 LEN=48 TOS=0x00 PREC=0x00 TTL=115 ID=58310 DF PROTO=TCP,1200,25
Jan,29 10:28:34,200.71.237.131,216.58.112.55 LEN=44 TOS=0x00 PREC=0x00 TTL=111 ID=51179 PROTO=TCP,42975,25
Jan,29 10:31:19,82.18.168.66,216.58.112.55 LEN=48 TOS=0x00 PREC=0x00 TTL=109 ID=704 DF PROTO=TCP,4666,25
Jan,29 10:31:46,61.190.136.154,216.58.112.55 LEN=52 TOS=0x00 PREC=0x00 TTL=45 ID=53770 DF PROTO=TCP,3833,25
Jan,29 10:33:28,67.216.129.5,216.58.112.55 LEN=48 TOS=0x00 PREC=0x00 TTL=112 ID=5943 DF PROTO=TCP,1643,25
Jan,29 10:34:19,75.92.116.70,216.58.112.55 LEN=48 TOS=0x00 PREC=0x00 TTL=108 ID=47851 DF PROTO=TCP,25189,25
Jan,29 10:36:05,200.121.147.196,216.58.112.55 LEN=48 TOS=0x00 PREC=0x00 TTL=110 ID=524 DF PROTO=TCP,24331,25
Jan,29 10:43:01,189.78.251.116,216.58.112.55 LEN=44 TOS=0x00 PREC=0x00 TTL=111 ID=1027 PROTO=TCP,50191,25
Jan,29 10:46:24,66.11.164.174,216.58.112.55 LEN=60 TOS=0x00 PREC=0x00 TTL=61 ID=46295 DF PROTO=TCP,34056,25
Jan,29 10:51:51,84.32.113.155,216.58.112.55 LEN=44 TOS=0x00 PREC=0x00 TTL=108 ID=2312 PROTO=TCP,53897,25
Jan,29 10:52:48,91.144.133.147,216.58.112.55 LEN=48 TOS=0x00 PREC=0x00 TTL=116 ID=30074 DF PROTO=TCP,64874,25
Jan,29 10:53:16,82.38.230.183,216.58.112.55 LEN=48 TOS=0x00 PREC=0x00 TTL=112 ID=33120 DF PROTO=TCP,1408,25
Jan,29 10:55:13,84.29.182.181,216.58.112.55 LEN=48 TOS=0x00 PREC=0x00 TTL=114 ID=37825 DF PROTO=TCP,4935,25
Jan,29 10:56:07,190.26.104.67,216.58.112.55 LEN=48 TOS=0x00 PREC=0x00 TTL=108 ID=30221 DF PROTO=TCP,51014,25
Jan,29 10:56:44,89.1.151.53,216.58.112.55 LEN=48 TOS=0x00 PREC=0x00 TTL=113 ID=44297 DF PROTO=TCP,1602,25
Jan,29 10:57:22,201.230.149.37,216.58.112.55 LEN=44 TOS=0x00 PREC=0x00 TTL=110 ID=22579 PROTO=TCP,27763,25
Jan,29 10:57:54,83.46.128.235,216.58.112.55 LEN=48 TOS=0x00 PREC=0x00 TTL=114 ID=32003 DF PROTO=TCP,3533,25
Jan,29 10:58:19,66.11.164.174,216.58.112.55 LEN=60 TOS=0x00 PREC=0x00 TTL=61 ID=26548 DF PROTO=TCP,35158,25
Jan,29 11:00:03,89.165.186.160,216.58.112.55 LEN=44 TOS=0x00 PREC=0x00 TTL=106 ID=39180 PROTO=TCP,59508,25
Jan,29 11:02:57,66.94.237.49,216.58.112.55 LEN=60 TOS=0x00 PREC=0x00 TTL=50 ID=35955 DF PROTO=TCP,29772,25
Jan,29 11:03:00,66.11.164.174,216.58.112.55 LEN=60 TOS=0x00 PREC=0x00 TTL=61 ID=14853 DF PROTO=TCP,49326,25
Jan,29 11:03:03,66.11.164.174,216.58.112.55 LEN=60 TOS=0x00 PREC=0x00 TTL=61 ID=44643 DF PROTO=TCP,49329,25
Jan,29 11:03:31,38.100.169.140,216.58.112.55 LEN=44 TOS=0x00 PREC=0x00 TTL=54 ID=36109 DF PROTO=TCP,35634,25
Jan,29 11:04:42,200.211.146.141,216.58.112.55 LEN=44 TOS=0x00 PREC=0x00 TTL=110 ID=24077 PROTO=TCP,50866,25
Jan,29 11:05:57,217.127.143.157,216.58.112.55 LEN=48 TOS=0x00 PREC=0x00 TTL=117 ID=22789 DF PROTO=TCP,27335,25
Jan,29 11:06:33,86.104.182.57,216.58.112.55 LEN=48 TOS=0x00 PREC=0x00 TTL=115 ID=52255 DF PROTO=TCP,2797,25
Jan,29 11:06:36,201.9.182.50,216.58.112.55 LEN=44 TOS=0x00 PREC=0x00 TTL=110 ID=13125 PROTO=TCP,60321,25
Jan,29 11:09:04,190.49.8.81,216.58.112.55 LEN=44 TOS=0x00 PREC=0x00 TTL=110 ID=19236 PROTO=TCP,54781,25
Jan,29 11:10:06,200.83.228.206,216.58.112.55 LEN=48 TOS=0x00 PREC=0x00 TTL=116 ID=15499 DF PROTO=TCP,4455,25
Jan,29 11:11:39,207.45.176.98,216.58.112.55 LEN=44 TOS=0x00 PREC=0x00 TTL=51 ID=13712 DF PROTO=TCP,49597,25
Jan,29 11:11:42,124.120.245.234,216.58.112.55 LEN=48 TOS=0x00 PREC=0x00 TTL=109 ID=8778 DF PROTO=TCP,18980,25
Jan,29 11:12:37,91.122.161.205,216.58.112.55 LEN=48 TOS=0x00 PREC=0x00 TTL=110 ID=48476 DF PROTO=TCP,3480,25
Jan,29 11:12:41,201.221.161.111,216.58.112.55 LEN=48 TOS=0x00 PREC=0x00 TTL=111 ID=39604 DF PROTO=TCP,2214,25
Jan,29 11:13:41,189.41.209.65,216.58.112.55 LEN=48 TOS=0x00 PREC=0x00 TTL=110 ID=29045 DF PROTO=TCP,17309,25
Jan,29 11:18:01,71.165.154.76,216.58.112.55 LEN=44 TOS=0x00 PREC=0x00 TTL=113 ID=64950 PROTO=TCP,61713,25
Jan,29 11:19:36,66.11.164.174,216.58.112.55 LEN=60 TOS=0x00 PREC=0x00 TTL=61 ID=12875 DF PROTO=TCP,50238,25
Jan,29 11:21:09,88.245.114.47,216.58.112.55 LEN=48 TOS=0x00 PREC=0x00 TTL=106 ID=52495 DF PROTO=TCP,50256,25
Jan,29 11:21:09,194.187.205.215,216.58.112.55 LEN=44 TOS=0x00 PREC=0x00 TTL=110 ID=46967 PROTO=TCP,36724,25
Jan,29 11:22:54,81.15.250.134,216.58.112.55 LEN=48 TOS=0x00 PREC=0x00 TTL=116 ID=51852 DF PROTO=TCP,4954,25
Jan,29 11:24:30,87.6.209.207,216.58.112.55 LEN=44 TOS=0x00 PREC=0x00 TTL=114 ID=38341 PROTO=TCP,59800,25
Jan,29 11:26:27,190.1.212.107,216.58.112.55 LEN=48 TOS=0x00 PREC=0x00 TTL=107 ID=15931 DF PROTO=TCP,1170,25
Jan,29 11:26:45,189.31.152.178,216.58.112.55 LEN=48 TOS=0x00 PREC=0x00 TTL=115 ID=755 DF PROTO=TCP,61674,25
Jan,29 11:27:30,90.154.216.253,216.58.112.55 LEN=48 TOS=0x00 PREC=0x00 TTL=108 ID=47667 DF PROTO=TCP,2642,25
Jan,29 11:28:36,208.205.46.7,216.58.112.55 LEN=48 TOS=0x00 PREC=0x00 TTL=111 ID=32455 DF PROTO=TCP,1592,25
Jan,29 11:29:01,190.79.148.78,216.58.112.55 LEN=48 TOS=0x00 PREC=0x00 TTL=109 ID=32559 DF PROTO=TCP,2618,25
Jan,29 11:29:03,85.102.58.70,216.58.112.55 LEN=48 TOS=0x00 PREC=0x00 TTL=105 ID=46565 DF PROTO=TCP,1548,25
Jan,29 11:31:10,82.213.165.82,216.58.112.55 LEN=48 TOS=0x00 PREC=0x00 TTL=114 ID=49529 DF PROTO=TCP,4840,25
Jan,29 11:31:26,83.9.227.205,216.58.112.55 LEN=48 TOS=0x00 PREC=0x00 TTL=113 ID=59264 DF PROTO=TCP,28868,25
Jan,29 11:33:46,83.186.189.108,216.58.112.55 LEN=48 TOS=0x00 PREC=0x00 TTL=115 ID=12885 DF PROTO=TCP,59053,25
Jan,29 11:34:32,87.24.131.142,216.58.112.55 LEN=48 TOS=0x00 PREC=0x00 TTL=114 ID=31906 DF PROTO=TCP,4618,25
Jan,29 11:35:21,82.204.148.81,216.58.112.55 LEN=44 TOS=0x00 PREC=0x00 TTL=101 ID=25167 PROTO=TCP,53801,25
Jan,29 11:37:56,206.108.5.1,216.58.112.55 LEN=60 TOS=0x00 PREC=0x00 TTL=55 ID=64611 DF PROTO=TCP,58487,25
Jan,29 11:43:50,91.90.200.34,216.58.112.55 LEN=48 TOS=0x00 PREC=0x00 TTL=115 ID=28262 DF PROTO=TCP,1883,25
Jan,29 11:44:22,88.252.225.76,216.58.112.55 LEN=48 TOS=0x00 PREC=0x00 TTL=106 ID=41532 DF PROTO=TCP,2178,25
Jan,29 11:44:59,79.186.237.6,216.58.112.55 LEN=48 TOS=0x00 PREC=0x00 TTL=112 ID=6442 DF PROTO=TCP,1932,25
Jan,29 11:45:19,89.132.115.151,216.58.112.55 LEN=48 TOS=0x00 PREC=0x00 TTL=113 ID=33426 DF PROTO=TCP,2978,25
Jan,29 11:47:36,194.3.54.170,216.58.112.55 LEN=48 TOS=0x00 PREC=0x00 TTL=110 ID=24766 DF PROTO=TCP,34403,25
Jan,29 11:47:40,89.109.197.165,216.58.112.55 LEN=48 TOS=0x00 PREC=0x00 TTL=112 ID=48695 DF PROTO=TCP,4126,25
Jan,29 11:48:57,71.125.192.112,216.58.112.55 LEN=48 TOS=0x00 PREC=0x00 TTL=115 ID=44841 DF PROTO=TCP,50361,25
Jan,29 11:52:41,82.16.35.212,216.58.112.55 LEN=48 TOS=0x00 PREC=0x00 TTL=113 ID=25902 DF PROTO=TCP,4107,25
Jan,29 11:53:02,71.187.148.64,216.58.112.55 LEN=52 TOS=0x00 PREC=0x00 TTL=36 ID=13598 DF PROTO=TCP,1200,25
Jan,29 11:53:10,85.141.189.174,216.58.112.55 LEN=48 TOS=0x00 PREC=0x00 TTL=110 ID=56037 DF PROTO=TCP,3125,25
Jan,29 11:54:07,41.251.69.208,216.58.112.55 LEN=48 TOS=0x00 PREC=0x00 TTL=115 ID=27525 DF PROTO=TCP,4055,25
Jan,29 11:56:12,206.108.5.1,216.58.112.55 LEN=60 TOS=0x00 PREC=0x00 TTL=55 ID=32572 DF PROTO=TCP,58721,25
Jan,29 11:56:18,200.67.106.244,216.58.112.55 LEN=48 TOS=0x00 PREC=0x00 TTL=111 ID=10267 DF PROTO=TCP,1048,25
Jan,29 11:58:24,83.6.235.155,216.58.112.55 LEN=48 TOS=0x00 PREC=0x00 TTL=114 ID=65478 DF PROTO=TCP,1995,25
Jan,29 12:02:18,66.11.164.174,216.58.112.55 LEN=60 TOS=0x00 PREC=0x00 TTL=61 ID=17389 DF PROTO=TCP,41221,25
Jan,29 12:02:50,201.240.194.87,216.58.112.55 LEN=48 TOS=0x00 PREC=0x00 TTL=109 ID=29012 DF PROTO=TCP,23018,25
Jan,29 12:03:07,200.114.44.99,216.58.112.55 LEN=48 TOS=0x00 PREC=0x00 TTL=106 ID=22611 DF PROTO=TCP,4564,25
Jan,29 12:03:07,200.114.44.99,216.58.112.55 LEN=48 TOS=0x00 PREC=0x00 TTL=106 ID=22617 DF PROTO=TCP,4565,25
Jan,29 12:08:02,78.149.74.29,216.58.112.55 LEN=44 TOS=0x00 PREC=0x00 TTL=116 ID=24306 PROTO=TCP,17393,25
Jan,29 12:09:32,81.213.160.51,216.58.112.55 LEN=48 TOS=0x00 PREC=0x00 TTL=106 ID=62021 DF PROTO=TCP,2887,25
Jan,29 12:14:47,217.194.196.3,216.58.112.55 LEN=48 TOS=0x00 PREC=0x00 TTL=112 ID=43205 DF PROTO=TCP,7177,25
Jan,29 12:16:28,87.203.158.207,216.58.112.55 LEN=48 TOS=0x00 PREC=0x00 TTL=113 ID=59462 DF PROTO=TCP,4397,25
Jan,29 12:17:02,66.11.164.174,216.58.112.55 LEN=60 TOS=0x00 PREC=0x00 TTL=61 ID=46395 DF PROTO=TCP,57819,25
Jan,29 12:17:35,79.12.103.171,216.58.112.55 LEN=48 TOS=0x00 PREC=0x00 TTL=115 ID=19689 DF PROTO=TCP,20884,25
Jan,29 12:17:45,201.228.201.247,216.58.112.55 LEN=48 TOS=0x00 PREC=0x00 TTL=113 ID=42019 DF PROTO=TCP,4807,25
Jan,29 12:23:38,213.184.7.177,216.58.112.55 LEN=48 TOS=0x00 PREC=0x00 TTL=113 ID=43226 DF PROTO=TCP,3603,25
Jan,29 12:24:08,88.235.111.202,216.58.112.55 LEN=48 TOS=0x00 PREC=0x00 TTL=104 ID=64884 DF PROTO=TCP,50151,25
Jan,29 12:24:18,79.101.145.41,216.58.112.55 LEN=48 TOS=0x00 PREC=0x00 TTL=107 ID=43510 DF PROTO=TCP,59609,25
Jan,29 12:28:17,200.114.26.59,216.58.112.55 LEN=48 TOS=0x00 PREC=0x00 TTL=109 ID=38770 DF PROTO=TCP,3545,25
Jan,29 12:29:02,201.83.240.174,216.58.112.55 LEN=48 TOS=0x00 PREC=0x00 TTL=117 ID=53083 DF PROTO=TCP,4478,25
Jan,29 12:29:02,189.10.217.170,216.58.112.55 LEN=44 TOS=0x00 PREC=0x00 TTL=113 ID=3775 PROTO=TCP,58513,25
Jan,29 12:30:40,151.74.159.125,216.58.112.55 LEN=48 TOS=0x00 PREC=0x00 TTL=114 ID=16510 DF PROTO=TCP,2389,25
Jan,29 12:31:36,201.240.55.56,216.58.112.55 LEN=48 TOS=0x00 PREC=0x00 TTL=109 ID=14397 DF PROTO=TCP,63051,25
Jan,29 12:32:23,81.208.83.217,216.58.112.55 LEN=48 TOS=0x00 PREC=0x00 TTL=101 ID=7441 DF PROTO=TCP,26954,25
Jan,29 12:32:23,81.208.83.217,216.58.112.55 LEN=48 TOS=0x00 PREC=0x00 TTL=101 ID=7473 DF PROTO=TCP,27034,25
Jan,29 12:32:23,81.208.83.217,216.58.112.55 LEN=48 TOS=0x00 PREC=0x00 TTL=101 ID=7474 DF PROTO=TCP,27037,25
Jan,29 12:32:23,81.208.83.217,216.58.112.55 LEN=48 TOS=0x00 PREC=0x00 TTL=101 ID=7475 DF PROTO=TCP,27038,25
Jan,29 12:40:08,209.200.255.50,216.58.112.55 LEN=44 TOS=0x00 PREC=0x00 TTL=44 ID=54134 DF PROTO=TCP,55663,25
Jan,29 12:42:13,201.233.146.241,216.58.112.55 LEN=48 TOS=0x00 PREC=0x00 TTL=112 ID=1361 DF PROTO=TCP,26033,25
Jan,29 12:45:10,81.101.158.8,216.58.112.55 LEN=48 TOS=0x00 PREC=0x00 TTL=112 ID=5815 DF PROTO=TCP,1448,25
Jan,29 12:46:00,142.217.215.62,216.58.112.55 LEN=48 TOS=0x00 PREC=0x00 TTL=109 ID=8834 DF PROTO=TCP,60732,25
Jan,29 12:47:16,81.248.11.209,216.58.112.55 LEN=48 TOS=0x00 PREC=0x00 TTL=113 ID=50713 DF PROTO=TCP,40273,25
Jan,29 12:48:13,65.54.246.108,216.58.112.55 LEN=48 TOS=0x00 PREC=0x00 TTL=112 ID=15817 DF PROTO=TCP,14701,25
Jan,29 12:49:30,198.41.70.2,216.58.112.55 LEN=48 TOS=0x00 PREC=0x00 TTL=104 ID=28974 DF PROTO=TCP,10144,25
Jan,29 12:56:18,89.136.24.41,216.58.112.55 LEN=48 TOS=0x00 PREC=0x00 TTL=111 ID=45906 DF PROTO=TCP,3283,25
Jan,29 12:56:18,89.136.24.41,216.58.112.55 LEN=48 TOS=0x00 PREC=0x00 TTL=111 ID=45917 DF PROTO=TCP,3287,25
Jan,29 12:56:20,89.136.24.41,216.58.112.55 LEN=48 TOS=0x00 PREC=0x00 TTL=111 ID=46008 DF PROTO=TCP,3305,25
Jan,29 12:59:05,83.46.21.161,216.58.112.55 LEN=48 TOS=0x00 PREC=0x00 TTL=114 ID=33469 DF PROTO=TCP,3510,25
Jan,29 13:02:39,89.136.24.41,216.58.112.55 LEN=48 TOS=0x00 PREC=0x00 TTL=111 ID=1143 DF PROTO=TCP,2798,25
Jan,29 13:02:42,89.136.24.41,216.58.112.55 LEN=48 TOS=0x00 PREC=0x00 TTL=111 ID=1245 DF PROTO=TCP,2820,25
Jan,29 13:02:42,89.136.24.41,216.58.112.55 LEN=48 TOS=0x00 PREC=0x00 TTL=111 ID=1264 DF PROTO=TCP,2826,25
Jan,29 13:02:57,66.11.164.174,216.58.112.55 LEN=60 TOS=0x00 PREC=0x00 TTL=61 ID=34550 DF PROTO=TCP,49342,25
Jan,29 13:17:23,96.240.44.58,216.58.112.55 LEN=44 TOS=0x00 PREC=0x00 TTL=113 ID=29382 PROTO=TCP,57132,25
Jan,29 13:22:41,217.88.190.115,216.58.112.55 LEN=52 TOS=0x00 PREC=0x00 TTL=113 ID=53600 DF PROTO=TCP,2200,25
Jan,29 13:30:31,83.153.123.1,216.58.112.55 LEN=44 TOS=0x00 PREC=0x00 TTL=115 ID=49333 PROTO=TCP,51929,25
Jan,29 13:30:57,88.18.225.72,216.58.112.55 LEN=48 TOS=0x00 PREC=0x00 TTL=116 ID=57759 DF PROTO=TCP,1937,25
Jan,29 13:32:35,83.132.66.239,216.58.112.55 LEN=48 TOS=0x00 PREC=0x00 TTL=113 ID=63081 DF PROTO=TCP,63541,25
Jan,29 13:33:41,66.11.164.174,216.58.112.55 LEN=60 TOS=0x00 PREC=0x00 TTL=61 ID=37280 DF PROTO=TCP,33946,25
Jan,29 13:34:37,91.44.239.140,216.58.112.55 LEN=44 TOS=0x00 PREC=0x00 TTL=114 ID=29493 PROTO=TCP,55365,25
Jan,29 13:34:50,199.125.184.60,216.58.112.55 LEN=48 TOS=0x00 PREC=0x00 TTL=111 ID=47612 DF PROTO=TCP,47200,25
Jan,29 13:36:02,194.170.173.115,216.58.112.55 LEN=48 TOS=0x00 PREC=0x00 TTL=114 ID=42140 DF PROTO=TCP,13482,25
Jan,29 13:39:28,222.236.206.129,216.58.112.55 LEN=44 TOS=0x00 PREC=0x00 TTL=114 ID=51282 PROTO=TCP,29765,25
Jan,29 13:40:25,84.1.209.247,216.58.112.55 LEN=44 TOS=0x00 PREC=0x00 TTL=113 ID=38861 PROTO=TCP,32795,25
Jan,29 13:41:14,78.176.121.157,216.58.112.55 LEN=48 TOS=0x00 PREC=0x00 TTL=106 ID=36184 DF PROTO=TCP,4293,25
Jan,29 13:47:31,189.33.131.126,216.58.112.55 LEN=44 TOS=0x00 PREC=0x00 TTL=115 ID=8406 PROTO=TCP,53963,25
Jan,29 13:48:34,201.240.65.139,216.58.112.55 LEN=48 TOS=0x00 PREC=0x00 TTL=110 ID=51047 DF PROTO=TCP,22016,25
Jan,29 13:48:38,201.240.65.139,216.58.112.55 LEN=48 TOS=0x00 PREC=0x00 TTL=110 ID=51514 DF PROTO=TCP,22057,25
Jan,29 13:48:39,201.240.65.139,216.58.112.55 LEN=48 TOS=0x00 PREC=0x00 TTL=110 ID=51590 DF PROTO=TCP,22074,25
Jan,29 13:48:39,201.240.65.139,216.58.112.55 LEN=48 TOS=0x00 PREC=0x00 TTL=110 ID=51633 DF PROTO=TCP,22088,25
Jan,29 13:48:39,201.240.65.139,216.58.112.55 LEN=48 TOS=0x00 PREC=0x00 TTL=110 ID=51634 DF PROTO=TCP,22089,25
Jan,29 13:50:22,206.108.5.1,216.58.112.55 LEN=60 TOS=0x00 PREC=0x00 TTL=55 ID=45192 DF PROTO=TCP,59588,25
Jan,29 13:55:16,66.11.164.174,216.58.112.55 LEN=60 TOS=0x00 PREC=0x00 TTL=61 ID=41469 DF PROTO=TCP,44542,25
Jan,29 13:57:17,129.41.77.72,216.58.112.55 LEN=60 TOS=0x00 PREC=0x00 TTL=43 ID=13813 DF PROTO=TCP,52526,25
Jan,29 13:57:22,190.40.253.236,216.58.112.55 LEN=48 TOS=0x00 PREC=0x00 TTL=110 ID=21429 DF PROTO=TCP,61928,25
Jan,29 13:59:44,96.237.120.85,216.58.112.55 LEN=48 TOS=0x00 PREC=0x00 TTL=116 ID=51655 DF PROTO=TCP,50784,25
Jan,29 14:01:36,71.170.107.10,216.58.112.55 LEN=48 TOS=0x00 PREC=0x00 TTL=113 ID=17445 DF PROTO=TCP,63958,25
Jan,29 14:03:06,76.2.106.62,216.58.112.55 LEN=52 TOS=0x00 PREC=0x00 TTL=46 ID=18597 DF PROTO=TCP,16458,25
Jan,29 14:06:55,85.13.47.83,216.58.112.55 LEN=52 TOS=0x00 PREC=0x00 TTL=112 ID=43025 DF PROTO=TCP,1423,25
Jan,29 14:11:12,193.227.243.149,216.58.112.55 LEN=48 TOS=0x00 PREC=0x00 TTL=112 ID=1626 DF PROTO=TCP,5265,25
Jan,29 14:14:01,201.255.162.140,216.58.112.55 LEN=44 TOS=0x00 PREC=0x00 TTL=109 ID=45636 PROTO=TCP,22336,25
Jan,29 14:16:33,87.18.17.1,216.58.112.55 LEN=48 TOS=0x00 PREC=0x00 TTL=116 ID=5864 DF PROTO=TCP,2342,25
Jan,29 14:16:50,91.122.181.41,216.58.112.55 LEN=48 TOS=0x00 PREC=0x00 TTL=111 ID=13286 DF PROTO=TCP,3539,25
Jan,29 14:16:50,91.122.181.41,216.58.112.55 LEN=48 TOS=0x00 PREC=0x00 TTL=111 ID=13321 DF PROTO=TCP,3544,25
Jan,29 14:16:50,91.122.181.41,216.58.112.55 LEN=48 TOS=0x00 PREC=0x00 TTL=111 ID=13323 DF PROTO=TCP,3545,25
Jan,29 14:16:50,91.122.181.41,216.58.112.55 LEN=48 TOS=0x00 PREC=0x00 TTL=111 ID=13325 DF PROTO=TCP,3546,25
Jan,29 14:17:03,86.164.44.60,216.58.112.55 LEN=52 TOS=0x00 PREC=0x00 TTL=105 ID=17165 DF PROTO=TCP,56244,25
Jan,29 14:18:09,200.67.233.86,216.58.112.55 LEN=48 TOS=0x00 PREC=0x00 TTL=113 ID=5893 DF PROTO=TCP,2063,25
Jan,29 14:18:45,71.199.156.108,216.58.112.55 LEN=44 TOS=0x00 PREC=0x00 TTL=107 ID=6075 PROTO=TCP,56076,25
Jan,29 14:22:44,190.40.195.55,216.58.112.55 LEN=48 TOS=0x00 PREC=0x00 TTL=110 ID=28943 DF PROTO=TCP,10351,25
Jan,29 14:24:37,200.121.135.138,216.58.112.55 LEN=48 TOS=0x00 PREC=0x00 TTL=109 ID=12949 DF PROTO=TCP,14703,25
Jan,29 14:25:58,81.103.99.208,216.58.112.55 LEN=48 TOS=0x00 PREC=0x00 TTL=115 ID=63512 DF PROTO=TCP,3736,25
Jan,29 14:27:41,88.18.60.167,216.58.112.55 LEN=48 TOS=0x00 PREC=0x00 TTL=115 ID=24475 DF PROTO=TCP,29551,25
Jan,29 14:28:08,198.237.173.99,216.58.112.55 LEN=52 TOS=0x00 PREC=0x00 TTL=114 ID=35331 DF PROTO=TCP,1153,25
Jan,29 14:33:17,88.11.12.0,216.58.112.55 LEN=48 TOS=0x00 PREC=0x00 TTL=114 ID=62270 DF PROTO=TCP,26439,25
Jan,29 14:36:51,66.11.164.174,216.58.112.55 LEN=60 TOS=0x00 PREC=0x00 TTL=61 ID=25784 DF PROTO=TCP,36906,25
Jan,29 14:37:42,87.240.6.187,216.58.112.55 LEN=48 TOS=0x00 PREC=0x00 TTL=106 ID=33647 DF PROTO=TCP,3760,25
Jan,29 14:40:06,190.49.127.73,216.58.112.55 LEN=44 TOS=0x00 PREC=0x00 TTL=110 ID=5521 PROTO=TCP,49523,25
Jan,29 14:41:28,78.140.214.129,216.58.112.55 LEN=44 TOS=0x00 PREC=0x00 TTL=112 ID=35482 PROTO=TCP,56183,25
Jan,29 14:41:56,84.94.113.174,216.58.112.55 LEN=44 TOS=0x00 PREC=0x00 TTL=116 ID=54214 PROTO=TCP,54585,25
Jan,29 14:42:02,84.94.113.174,216.58.112.55 LEN=44 TOS=0x00 PREC=0x00 TTL=116 ID=54782 PROTO=TCP,54614,25
Jan,29 14:42:53,195.56.159.1,216.58.112.55 LEN=48 TOS=0x00 PREC=0x00 TTL=109 ID=39738 DF PROTO=TCP,4153,25
Jan,29 14:43:53,203.210.200.93,216.58.112.55 LEN=48 TOS=0x00 PREC=0x00 TTL=107 ID=9007 DF PROTO=TCP,2999,25
Jan,29 14:44:40,66.11.164.174,216.58.112.55 LEN=60 TOS=0x00 PREC=0x00 TTL=61 ID=22884 DF PROTO=TCP,34485,25
Jan,29 14:46:07,88.245.69.228,216.58.112.55 LEN=48 TOS=0x00 PREC=0x00 TTL=106 ID=25077 DF PROTO=TCP,4081,25
Jan,29 14:47:28,190.24.46.236,216.58.112.55 LEN=48 TOS=0x00 PREC=0x00 TTL=108 ID=15720 DF PROTO=TCP,1434,25
Jan,29 14:55:49,66.11.164.174,216.58.112.55 LEN=60 TOS=0x00 PREC=0x00 TTL=61 ID=50980 DF PROTO=TCP,51324,25
Jan,29 14:58:50,200.89.242.221,216.58.112.55 LEN=48 TOS=0x00 PREC=0x00 TTL=112 ID=32409 DF PROTO=TCP,1544,25
Jan,29 15:00:40,201.110.75.7,216.58.112.55 LEN=48 TOS=0x00 PREC=0x00 TTL=113 ID=40398 DF PROTO=TCP,2984,25
Jan,29 15:01:52,66.163.168.190,216.58.112.55 LEN=60 TOS=0x00 PREC=0x00 TTL=50 ID=19410 DF PROTO=TCP,33163,25
Jan,29 15:02:11,86.141.18.31,216.58.112.55 LEN=48 TOS=0x00 PREC=0x00 TTL=103 ID=4680 DF PROTO=TCP,65039,25
Jan,29 15:03:05,64.124.204.39,216.58.112.55 LEN=60 TOS=0x00 PREC=0x00 TTL=49 ID=30150 DF PROTO=TCP,35671,25
Jan,29 15:14:52,86.107.89.250,216.58.112.55 LEN=48 TOS=0x00 PREC=0x00 TTL=114 ID=48785 DF PROTO=TCP,1742,25
Jan,29 15:16:51,200.118.113.246,216.58.112.55 LEN=48 TOS=0x00 PREC=0x00 TTL=104 ID=62062 DF PROTO=TCP,3596,25
Jan,29 15:19:54,194.117.241.30,216.58.112.55 LEN=44 TOS=0x00 PREC=0x00 TTL=116 ID=24481 PROTO=TCP,57120,25
Jan,29 15:20:33,201.240.66.113,216.58.112.55 LEN=48 TOS=0x00 PREC=0x00 TTL=109 ID=33207 DF PROTO=TCP,1470,25
Jan,29 15:21:05,204.15.20.132,216.58.112.55 LEN=60 TOS=0x00 PREC=0x00 TTL=237 ID=20995 DF PROTO=TCP,56842,25
Jan,29 15:22:20,118.125.3.109,216.58.112.55 LEN=64 TOS=0x00 PREC=0x00 TTL=43 ID=1561 DF PROTO=TCP,4632,25
Jan,29 15:23:42,62.121.69.77,216.58.112.55 LEN=44 TOS=0x00 PREC=0x00 TTL=117 ID=7519 PROTO=TCP,59592,25
Jan,29 15:23:50,82.116.114.146,216.58.112.55 LEN=48 TOS=0x00 PREC=0x00 TTL=116 ID=52183 DF PROTO=TCP,61273,25
Jan,29 15:25:15,190.188.224.47,216.58.112.55 LEN=48 TOS=0x00 PREC=0x00 TTL=111 ID=20065 DF PROTO=TCP,2951,25
Jan,29 15:27:10,80.58.231.110,216.58.112.55 LEN=48 TOS=0x00 PREC=0x00 TTL=108 ID=30405 DF PROTO=TCP,3198,25
Jan,29 15:31:02,80.143.37.180,216.58.112.55 LEN=48 TOS=0x00 PREC=0x00 TTL=114 ID=30952 DF PROTO=TCP,63441,25
Jan,29 15:31:04,80.143.37.180,216.58.112.55 LEN=48 TOS=0x00 PREC=0x00 TTL=114 ID=31044 DF PROTO=TCP,63455,25
Jan,29 15:31:28,200.122.253.135,216.58.112.55 LEN=48 TOS=0x00 PREC=0x00 TTL=106 ID=3137 DF PROTO=TCP,1923,25
Jan,29 15:31:52,82.13.92.15,216.58.112.55 LEN=48 TOS=0x00 PREC=0x00 TTL=113 ID=43735 DF PROTO=TCP,3958,25
Jan,29 15:33:24,206.108.5.1,216.58.112.55 LEN=60 TOS=0x00 PREC=0x00 TTL=55 ID=21797 DF PROTO=TCP,60395,25
Jan,29 15:34:39,201.254.187.87,216.58.112.55 LEN=44 TOS=0x00 PREC=0x00 TTL=109 ID=25712 PROTO=TCP,59433,25
Jan,29 15:35:20,189.12.221.96,216.58.112.55 LEN=48 TOS=0x00 PREC=0x00 TTL=110 ID=24925 DF PROTO=TCP,3277,25
Jan,29 15:38:26,190.128.53.246,216.58.112.55 LEN=48 TOS=0x00 PREC=0x00 TTL=111 ID=59097 DF PROTO=TCP,2081,25
Jan,29 15:38:34,201.233.50.149,216.58.112.55 LEN=48 TOS=0x00 PREC=0x00 TTL=112 ID=25813 DF PROTO=TCP,3835,25
Jan,29 15:38:41,83.15.28.106,216.58.112.55 LEN=44 TOS=0x00 PREC=0x00 TTL=112 ID=39056 PROTO=TCP,55778,25
Jan,29 15:39:20,85.102.90.29,216.58.112.55 LEN=48 TOS=0x00 PREC=0x00 TTL=106 ID=52385 DF PROTO=TCP,4100,25
Jan,29 15:42:26,190.136.0.224,216.58.112.55 LEN=44 TOS=0x00 PREC=0x00 TTL=110 ID=14638 PROTO=TCP,23839,25
Jan,29 15:44:57,200.97.116.6,216.58.112.55 LEN=48 TOS=0x00 PREC=0x00 TTL=111 ID=17481 DF PROTO=TCP,2418,25
